0,a_gifted_man
1,a_million_little_things
2,a_to_z
3,a_d_the_bible_continues
4,a_p_bio
5,abby_s
6,about_a_boy
7,accidentally_on_purpose
8,adventure_time
9,after_life
10,agent_x
11,alcatraz
12,alias
13,all_about_the_washingtons
14,all_american
15,allegiance
16,ally_mcbeal
17,almost_human
18,alone_together
19,altered_carbon
20,america_to_me
21,american_crime
22,american_gods
23,american_gothic
24,american_horror_story
25,american_idol
26,american_odyssey
27,american_playboy_the_hugh_hefner_story
28,american_vandal
29,american_woman
30,andy_richter_controls_the_universe
31,angel_from_hell
32,angels_in_america
33,anger_management
34,animal_kingdom
35,animals
36,anne_with_an_e
37,another_period
38,any_given_wednesday_with_bill_simmons
39,apb
40,aquarius
41,archer
42,arrested_development
43,arrow
44,ascension
45,ash_vs_evil_dead
46,at_home_with_amy_sedaris
47,atlanta
48,atlantis
49,atypical
50,avatar_the_last_airbender
51,awake
52,awkward
53,babylon
54,back
55,bad_judge
56,bad_teacher
57,ballers
58,banana
59,band_of_brothers
60,banshee
61,barry
62,baskets
63,bates_motel
64,batman_the_animated_series
65,battle_creek
66,battlestar_galactica
67,bedlam
68,being_human
69,benders
70,beowulf
71,better_call_saul
72,better_late_than_never
73,better_things
74,better_with_you
75,beyond
76,big_lake
77,big_little_lies
78,big_love
79,big_mouth
80,big_time_in_hollywood_fl
81,billions
82,billy_billie
83,bionic_woman
84,birds_of_prey
85,black_box
86,black_lightning
87,black_monday
88,black_ish
89,blindspot
90,blood_oil
91,blood_drive
92,bloodline
93,blunt_talk
94,boardwalk_empire
95,bob_s_burgers
96,bobby_kennedy_for_president
97,bobcat_goldthwait_s_misfits_monsters
98,body_of_proof
99,bojack_horseman
100,bones
101,boomerang
102,bordertown
103,bored_to_death
104,bosch
105,boston_legal
106,braindead
107,breaking_bad
108,breakout_kings
109,britannia
110,broad_city
111,broadchurch
112,brockmire
113,brooklyn_nine_nine
114,brotherhood
115,brothers_sisters
116,burden_of_truth
117,butterfly
118,call_the_midwife
119,camelot
120,camping
121,caprica
122,captive
123,carmen_sandiego
124,carnivale
125,carter
126,castle
127,castle_rock
128,casual
129,catastrophe
130,champions
131,chance
132,channel_zero
133,chaos
134,chappelle_s_show
135,chasing_life
136,chelsea
137,chelsea_does
138,chicago_justice
139,childhood_s_end
140,chilling_adventures_of_sabrina
141,citizen_rose
142,class
143,claws
144,clerks
145,cobra_kai
146,colony
147,coma
148,combat_hospital
149,community
150,comrade_detective
151,constantine
152,containment
153,continuum
154,conviction
155,cooper_barrett_s_guide_to_surviving_life
156,copper
157,corporate
158,cougar_town
159,counterpart
160,crashing
161,crazy_ex_girlfriend
162,criminal_minds_beyond_borders
163,criminal_minds_suspect_behavior
164,cristela
165,crowded
166,csi_cyber
167,cucumber
168,cupid
169,curb_your_enthusiasm
170,da_ali_g_show
171,da_vinci_s_demons
172,dallas
173,damien
174,damnation
175,dancing_on_the_edge
176,dark
177,dark_angel
178,dark_blue
179,dark_matter
180,dark_net
181,daytime_divas
182,dead_like_me
183,dead_of_summer
184,deadly_class
185,deadwood
186,dear_white_people
187,deception
188,defiance
189,defying_gravity
190,designated_survivor
191,desperate_housewives
192,detroit_1_8_7
193,detroiters
194,deutschland_83
195,dice
196,dietland
197,difficult_people
198,dirk_gently_s_holistic_detective_agency
199,dirt
200,dirty_john
201,dirty_sexy_money
202,disenchantment
203,disjointed
204,divorce
205,doctor_who
206,dogs
207,doll_em
208,dollhouse
209,don_t_trust_the_b_in_apartment_23
210,doom_patrol
211,doubt
212,downward_dog
213,dr_ken
214,eastwick
215,elementary
216,eli_stone
217,emerald_city
218,empire
219,endeavour
220,enemies_the_president_justice_the_fbi
221,enlightened
222,entourage
223,episodes
224,escape_at_dannemora
225,everybody_hates_chris
226,extras
227,eyewitness
228,f_is_for_family
229,falling_skies
230,fam
231,family_guy
232,family_tools
233,family_tree
234,famous_in_love
235,fargo
236,fbi
237,fear_the_walking_dead
238,feud
239,final_space
240,final_witness
241,finding_carter
242,five_came_back
243,flaked
244,flashforward
245,fleabag
246,fleming_the_man_who_would_be_bond
247,flesh_and_bone
248,flint_town
249,for_the_people
250,forever
251,fortitude
252,four_kings
253,frequency
254,fresh_off_the_boat
255,friends_with_better_lives
256,fringe
257,full_frontal_with_samantha_bee
258,futurama
259,future_man
260,galavant
261,game_of_silence
262,game_of_thrones
263,gary_unmarried
264,gcb
265,generation_kill
266,genius
267,getting_on
268,ghost_in_the_shell_stand_alone_complex
269,ghosted
270,gigi_does_it
271,gilmore_girls
272,girlboss
273,girlfriends
274,girls
275,glow
276,god_friended_me
277,godless
278,golden_boy
279,goliath
280,good_behavior
281,good_girls
282,good_girls_revolt
283,good_trouble
284,gordon_ramsay_s_24_hours_to_hell_and_back
285,gossip_girl
286,gotham
287,grace_and_frankie
288,gracepoint
289,grandfathered
290,great_news
291,greek
292,grey_s_anatomy
293,grimm
294,ground_floor
295,growing_up_fisher
296,guerrilla
297,guilt
298,gunpowder
299,gypsy
300,halt_and_catch_fire
301,hank
302,hanna
303,hannibal
304,hap_and_leonard
305,happy_endings
306,happy_together
307,happy_town
308,happy_valley
309,happy
310,hard_sun
311,harley_and_the_davidsons
312,harlots
313,harper_s_island
314,hart_of_dixie
315,haters_back_off
316,hatfields_mccoys
317,haven
318,heartbeat
319,heathers
320,helix
321,hell_on_wheels
322,hemlock_grove
323,here_and_now
324,heroes
325,heroes_reborn
326,high_maintenance
327,hindsight
328,home_fires
329,home_movies
330,homeland
331,homicide_life_on_the_street
332,house
333,house_of_cards
334,house_of_lies
335,house_of_saddam
336,how_i_met_your_mother
337,how_to_be_a_gentleman
338,how_to_get_away_with_murder
339,how_to_live_with_your_parents
340,howards_end
341,huge
342,human_target
343,humans
344,hung
345,hunted
346,i_feel_bad
347,i_hate_my_teenage_daughter
348,i_love_you_america
349,i_m_dying_up_here
350,i_m_sorry
351,idiotsitter
352,impastor
353,imposters
354,impulse
355,in_the_motherhood
356,incorporated
357,indian_summers
358,insatiable
359,insecure
360,inside_amy_schumer
361,instinct
362,into_the_badlands
363,into_the_dark
364,it_s_always_sunny_in_philadelphia
365,izombie
366,ja_mie_private_school_girl
367,jane_by_design
368,jane_the_virgin
369,jennifer_falls
370,jericho
371,joan_of_arcadia
372,joey
373,john_adams
374,john_from_cincinnati
375,jonah_from_tonga
376,jonathan_strange_mr_norrell
377,journeyman
378,justified
379,kevin_can_wait
380,kevin_from_work
381,key_peele
382,kidding
383,killer_women
384,killing_eve
385,killjoys
386,knightfall
387,krypton
388,kyle_xy
389,la_to_vegas
390,lady_dynamite
391,last_resort
392,last_week_tonight_with_john_oliver
393,law_order_true_crime_the_menendez_murders
394,leaving_neverland
395,legacies
396,legend_of_the_seeker
397,legends
398,legends_of_chamberlain_heights
399,lethal_weapon
400,liar
401,life
402,life_on_mars
403,light_as_a_feather
404,lilyhammer
405,limitless
406,lizzie_mcguire
407,loaded
408,london_spy
409,lone_star
410,longmire
411,looking
412,lopez
413,lore
414,lorena
415,lost
416,lost_girl
417,lost_in_space
418,loudermilk
419,louie
420,love
421,love_monkey
422,love_death_robots
423,lucky_louie
424,luther
425,mad_love
426,mad_men
427,made_in_jersey
428,madoff
429,make_it_or_break_it
430,making_history
431,making_it
432,malibu_country
433,man_seeking_woman
434,man_up
435,manhunt
436,manhunt_unabomber
437,maniac
438,manifest
439,marco_polo
440,mariah_s_world
441,marlon
442,maron
443,married
444,marry_me
445,mars
446,marvel_s_agent_carter
447,marvel_s_cloak_dagger
448,marvel_s_daredevil
449,marvel_s_inhumans
450,marvel_s_iron_fist
451,marvel_s_jessica_jones
452,marvel_s_luke_cage
453,marvel_s_runaways
454,marvel_s_the_defenders
455,mary_kills_people
456,master_of_none
457,masters_of_horror
458,masters_of_sex
459,maya_marty
460,mcmafia
461,me_myself_and_i
462,men_in_trees
463,men_of_a_certain_age
464,mercy_street
465,midnight_texas
466,mike_judge_presents_tales_from_the_tour_bus
467,mildred_pierce
468,mindhunter
469,minority_report
470,miracle_workers
471,missing
472,modern_family
473,mom
474,monk
475,moonbeam_city
476,moonlight
477,moonlighting
478,mork_mindy
479,mosaic
480,mr_inbetween
481,mr_robinson
482,mr_robot
483,mr_selfridge
484,mr_sunshine
485,mrs_wilson
486,mulaney
487,my_generation
488,my_name_is_earl
489,mystery_science_theater_3000
490,narcos_mexico
491,nashville
492,national_treasure
493,neo_yokio
494,new_girl
495,newsradio
496,nightflyers
497,nikita
498,nip_tuck
499,no_ordinary_family
500,no_tomorrow
501,nobodies
502,notorious
503,now_apocalypse
504,nyc_22
505,nypd_blue
506,o_j_made_in_america
507,of_kings_and_prophets
508,off_the_map
509,olive_kitteridge
510,on_my_block
511,once_upon_a_time
512,one_big_happy
513,one_day_at_a_time
514,one_dollar
515,one_mississippi
516,origin
517,orphan_black
518,other_space
519,our_cartoon_president
520,outcast
521,outlander
522,outsiders
523,oz
524,ozark
525,pan_am
526,parade_s_end
527,parenthood
528,parks_and_recreation
529,partners
530,party_over_here
531,patrick_melrose
532,patriot
533,patriot_act_with_hasan_minhaj
534,peaky_blinders
535,pen15
536,penny_dreadful
537,people_of_earth
538,person_of_interest
539,philip_k_dick_s_electric_dreams
540,picnic_at_hanging_rock
541,pitch
542,playing_house
543,please_like_me
544,poldark
545,political_animals
546,popular
547,pose
548,power
549,powerless
550,powers
551,preacher
552,pretty_little_liars
553,pretty_little_liars_the_perfectionists
554,prime_suspect
555,prime_suspect_tennison
556,prison_break
557,private_practice
558,project_blue_book
559,proof
560,proven_innocent
561,psych
562,public_morals
563,pure_genius
564,pushing_daisies
565,quantico
566,quarry
567,queen_america
568,queen_sugar
569,queer_eye_for_the_straight_guy
570,ramy
571,random_acts_of_flyness
572,rapture
573,ray_donovan
574,reaper
575,rebel
576,reckless
577,recovery_road
578,rectify
579,red_band_society
580,red_oaks
581,red_widow
582,reign
583,rel
584,rellik
585,rest_in_power_the_trayvon_martin_story
586,resurrection
587,revenge
588,reverie
589,review
590,revolution
591,ripper_street
592,rise
593,riverdale
594,rizzoli_isles
595,roadies
596,rob
597,rolling_stone_stories_from_the_edge
598,rome
599,room_104
600,roots
601,roseanne
602,rosewood
603,roswell_new_mexico
604,royal_pains
605,rubicon
606,rupaul_s_drag_race
607,rush_hour
608,russian_doll
609,ryan_hansen_solves_crimes_on_television
610,safe
611,safe_harbour
612,salem
613,sally4ever
614,salvation
615,samurai_champloo
616,samurai_jack
617,santa_clarita_diet
618,satisfaction
619,save_me
620,scandal
621,schitt_s_creek
622,schooled
623,scorpion
624,scream
625,scream_queens
626,scrubs
627,seal_team
628,search_party
629,second_chance
630,secret_diary_of_a_call_girl
631,secrets_and_lies
632,seinfeld
633,selfie
634,sense8
635,sex_and_the_city
636,sex_education
637,shadowhunters
638,shameless
639,shark
640,sharp_objects
641,she_s_gotta_have_it
642,sherlock
643,shots_fired
644,show_me_a_hero
645,shrill
646,shut_eye
647,shut_up_and_dribble
648,significant_mother
649,silicon_valley
650,sinatra_all_or_nothing_at_all
651,sinbad
652,siren
653,six
654,six_feet_under
655,slasher
656,sleeper_cell
657,sleepy_hollow
658,smallville
659,smash
660,smilf
661,smith
662,snatch
663,sneaky_pete
664,snowfall
665,son_of_zorn
666,sons_of_anarchy
667,south_park
668,south_riding
669,southland
670,spies_of_warsaw
671,spin_city
672,splitting_up_together
673,spotless
674,star_trek_discovery
675,star_trek_enterprise
676,star_trek_the_next_generation
677,star_trek_voyager
678,star_wars_rebels
679,star_wars_resistance
680,star_wars_the_clone_wars
681,star_crossed
682,stargate_universe
683,state_of_affairs
684,station_19
685,still_star_crossed
686,still_the_king
687,strange_angel
688,stranger_things
689,strike_back
690,studio_60_on_the_sunset_strip
691,suburgatory
692,succession
693,suits
694,summer_heights_high
695,sun_records
696,sunday_night_with_megyn_kelly
697,super_fun_night
698,supergirl
699,superior_donuts
700,supernatural
701,superstore
702,surface
703,survivor
704,survivor_s_remorse
705,sweet_vicious
706,sweetbitter
707,switched_at_birth
708,taboo
709,take_two
710,tatau
711,teen_titans
712,telenovela
713,tell_me_a_story
714,tell_me_you_love_me
715,ten_days_in_the_valley
716,terminator_the_sarah_connor_chronicles
717,terra_nova
718,the_100
719,the_4400
720,the_act
721,the_adventures_of_rocky_and_bullwinkle
722,the_affair
723,the_alienist
724,the_amazing_race
725,the_americans
726,the_arrangement
727,the_art_of_more
728,the_astronaut_wives_club
729,the_bastard_executioner
730,the_ben_stiller_show
731,the_big_bang_theory
732,the_birthday_boys
733,the_black_donnellys
734,the_blacklist
735,the_blacklist_redemption
736,the_bletchley_circle
737,the_bold_type
738,the_borgias
739,the_brave
740,the_break_with_michelle_wolf
741,the_bridge
742,the_brink
743,the_carmichael_show
744,the_case_against_adnan_syed
745,the_casual_vacancy
746,the_catch
747,the_chi
748,the_clinton_affair
749,the_closer
750,the_collection
751,the_comeback
752,the_conners
753,the_corner
754,the_crossing
755,the_crown
756,the_cry
757,the_dangerous_book_for_boys
758,the_deep_end
759,the_defenders
760,the_defiant_ones
761,the_detour
762,the_deuce
763,the_dovekeepers
764,the_durrells_in_corfu
765,the_enemy_within
766,the_exorcist
767,the_expanse
768,the_fall
769,the_family
770,the_first
771,the_fix
772,the_flash
773,the_following
774,the_fosters
775,the_four_battle_for_stardom
776,the_fourth_estate
777,the_frankenstein_chronicles
778,the_game
779,the_get_down
780,the_gifted
781,the_girlfriend_experience
782,the_glades
783,the_good_fight
784,the_good_place
785,the_good_wife
786,the_great_indoors
787,the_guest_book
788,the_guilty
789,the_handmaid_s_tale
790,the_haunting_of_hill_house
791,the_hollow_crown
792,the_honorable_woman
793,the_hour
794,the_inbetweeners
795,the_invisible_man
796,the_jack_and_triumph_show
797,the_jim_gaffigan_show
798,the_joel_mchale_show_with_joel_mchale
799,the_keepers
800,the_killing
801,the_knick
802,the_kominsky_method
803,the_larry_sanders_show
804,the_last_kingdom
805,the_last_man_on_earth
806,the_last_ship
807,the_last_tycoon
808,the_league
809,the_leftovers
810,the_librarians
811,the_little_drummer_girl
812,the_living_and_the_dead
813,the_long_road_home
814,the_looming_tower
815,the_lying_game
816,the_magicians
817,the_man_in_the_high_castle
818,the_marvelous_mrs_maisel
819,the_mayor
820,the_mccarthys
821,the_messengers
822,the_mick
823,the_middleman
824,the_mindy_project
825,the_missing
826,the_muppet_show
827,the_muppets
828,the_musketeers
829,the_mysteries_of_laura
830,the_neighbors
831,the_new_edition_story
832,the_new_yorker_presents
833,the_newsroom
834,the_night_manager
835,the_night_of
836,the_nightly_show_with_larry_wilmore
837,the_nine
838,the_oa
839,the_office
840,the_opposition_with_jordan_klepper
841,the_originals
842,the_orville
843,the_outpost
844,the_pacific
845,the_passage
846,the_path
847,the_people_v_o_j_simpson_american_crime_story
848,the_president_show
849,the_prisoner
850,the_purge
851,the_quad
852,the_ranch
853,the_real_o_neals
854,the_red_road
855,the_returned
856,the_river
857,the_rookie
858,the_rundown_with_robin_thede
859,the_secret_circle
860,the_shannara_chronicles
861,the_shield
862,the_simpsons
863,the_sinner
864,the_slap
865,the_son
866,the_sopranos
867,the_spectacular_spider_man
868,the_terror
869,the_tick
870,the_trade
871,the_tunnel
872,the_umbrella_academy
873,the_unit
874,the_unusuals
875,the_vampire_diaries
876,the_village
877,the_walking_dead
878,the_wedding_bells
879,the_west_wing
880,the_whispers
881,the_white_queen
882,the_whole_truth
883,the_widow
884,the_widower
885,the_wire
886,the_young_pope
887,thirtysomething
888,this_close
889,this_giant_beast_that_is_the_global_economy
890,this_is_us
891,three_rivers
892,time_after_time
893,time_traveling_bong
894,time_the_kalief_browder_story
895,timeless
896,titans
897,togetherness
898,tom_clancy_s_jack_ryan
899,top_of_the_lake
900,torchwood
901,training_day
902,treme
903,trial_error
904,tru_calling
905,true_blood
906,true_detective
907,trust
908,truth_be_told
909,turn_up_charlie
910,turn_washington_s_spies
911,tut
912,twin_peaks
913,two_and_a_half_men
914,tyrant
915,ugly_betty
916,unbreakable_kimmy_schmidt
917,uncle_buck
918,undeclared
919,under_the_dome
920,underground
921,unreal
922,utopia
923,v
924,v_the_series
925,valley_of_the_boom
926,valor
927,veep
928,vegas
929,veronica_mars
930,vice_principals
931,victoria
932,vida
933,vinyl
934,w_bob_david
935,waco
936,wallander
937,wanderlust
938,war_peace
939,warehouse_13
940,warriors_of_liberty_city
941,watergate
942,wayne
943,wayward_pines
944,weeds
945,weird_city
946,weird_loners
947,welcome_to_sweden
948,welcome_to_the_family
949,westworld
950,what_we_do_in_the_shadows
951,what_would_diplo_do
952,when_we_rise
953,whiskey_cavalier
954,white_famous
955,white_heat
956,why_with_hannibal_buress
957,wicked_city
958,wild_wild_country
959,will
960,wisdom_of_the_crowd
961,witchblade
962,wolf_creek
963,wolf_hall
964,work_it
965,wyatt_cenac_s_problem_areas
966,wynonna_earp
967,yellowstone
968,you
969,you_me_and_the_apocalypse
970,young_sheldon
971,younger
972,z_the_beginning_of_everything
973,zero_hour
974,zoo
